{
  "@microsoft/generator-sharepoint": {
    "plusBeta": false,
    "isCreatingSolution": true,
    "nodeVersion": "18.17.1",
    "sdksVersions": {
      "@microsoft/microsoft-graph-client": "3.0.2",
      "@microsoft/teams-js": "2.12.0"
    },
    "version": "1.18.2",
    "libraryName": "newscarouselnew",
    "libraryId": "a27ab14b-89d4-4e9e-bf42-37e11248f835",
    "environment": "spo",
    "packageManager": "npm",
    "solutionName": "newscarouselnew",
    "solutionShortDescription": "newscarouselnew description",
    "skipFeatureDeployment": true,
    "isDomainIsolated": false,
    "componentType": "webpart"
  }
}
