{
  "$schema": "https://developer.microsoft.com/json-schemas/spfx/client-side-web-part-manifest.schema.json",
  "id": "2a97d3d8-521f-4fcb-8b6c-df98ed56286a",
  "alias": "NewsCarouselDimitriWebPart",
  "componentType": "WebPart",
  "version": "*",
  "manifestVersion": 2,
  "requiresCustomScript": false,
  "supportedHosts": [
    "SharePointWebPart",
    "TeamsPersonalApp",
    "TeamsTab",
    "SharePointFullPage"
  ],
  "supportsThemeVariants": true,
  "preconfiguredEntries": [
    {
      "groupId": "5c03119e-3074-46fd-976b-c60198311f70",
      "group": { "default": "Advanced" },
      "title": { "default": "NewsCarousel" },
      "description": { "default": "NewsCarousel description" },
      "officeFabricIconFontName": "News",
      "properties": {
        "description": "NewsCarousel"
      }
    }
  ]
}
